yr,is_promo_window,orders,gross_rev,returns,avg_order_value,return_rate
2019,FALSE,316,"25,180.26",0,79.68436707,0
2019,TRUE,33,"2,614.55",0,79.22878806,0
2020,FALSE,1068,"92,850.03",0,86.93823038,0
2020,TRUE,47,"2,519.66",0,53.60978751,0
2021,FALSE,1941,"169,034.44",0,87.08626494,0
2021,TRUE,98,"9,835.79",0,100.3652043,0
2022,FALSE,3053,"264,635.65",0,86.68052739,0
2022,TRUE,149,"13,050.36",0,87.58630856,0